[{"model": "admin.logentry", "pk": 1, "fields": {"action_time": "2020-10-01T15:41:43.598Z", "user": 2, "content_type": 8, "object_id": "1", "object_repr": "django", "action_flag": 3, "change_message": ""}}, {"model": "admin.logentry", "pk": 2, "fields": {"action_time": "2020-10-01T15:44:49.084Z", "user": 3, "content_type": 6, "object_id": "1", "object_repr": "actions", "action_flag": 1, "change_message": "[{\"added\": {}}]"}}, {"model": "admin.logentry", "pk": 3, "fields": {"action_time": "2020-10-01T15:44:55.983Z", "user": 3, "content_type": 6, "object_id": "2", "object_repr": "MMORPG", "action_flag": 1, "change_message": "[{\"added\": {}}]"}}, {"model": "admin.logentry", "pk": 4, "fields": {"action_time": "2020-10-01T15:47:00.250Z", "user": 3, "content_type": 7, "object_id": "1", "object_repr": "ASSASINТS CREED: Rogue (actions)", "action_flag": 1, "change_message": "[{\"added\": {}}]"}}, {"model": "admin.logentry", "pk": 5, "fields": {"action_time": "2020-10-01T15:47:40.591Z", "user": 3, "content_type": 7, "object_id": "2", "object_repr": "WORLD OF WARCRAFT: Wrath Of The Linch King (MMORPG)", "action_flag": 1, "change_message": "[{\"added\": {}}]"}}, {"model": "admin.logentry", "pk": 6, "fields": {"action_time": "2020-10-01T15:48:08.782Z", "user": 3, "content_type": 7, "object_id": "3", "object_repr": "RYSE: Son Of Rome (actions)", "action_flag": 1, "change_message": "[{\"added\": {}}]"}}, {"model": "admin.logentry", "pk": 7, "fields": {"action_time": "2020-10-01T15:48:30.939Z", "user": 3, "content_type": 7, "object_id": "4", "object_repr": "TOMB RAIDER (actions)", "action_flag": 1, "change_message": "[{\"added\": {}}]"}}, {"model": "admin.logentry", "pk": 8, "fields": {"action_time": "2020-10-08T21:11:01.827Z", "user": 3, "content_type": 7, "object_id": "5", "object_repr": "CALL OF DUTY: Modern Warfare 3 (actions)", "action_flag": 1, "change_message": "[{\"added\": {}}]"}}, {"model": "admin.logentry", "pk": 9, "fields": {"action_time": "2020-10-08T21:19:44.656Z", "user": 3, "content_type": 7, "object_id": "6", "object_repr": "MEDAL OF HONOR (actions)", "action_flag": 1, "change_message": "[{\"added\": {}}]"}}, {"model": "admin.logentry", "pk": 10, "fields": {"action_time": "2020-10-08T21:41:37.070Z", "user": 3, "content_type": 10, "object_id": "1", "object_repr": "Gallery object (1)", "action_flag": 1, "change_message": "[{\"added\": {}}]"}}, {"model": "admin.logentry", "pk": 11, "fields": {"action_time": "2020-10-08T21:41:58.631Z", "user": 3, "content_type": 10, "object_id": "1", "object_repr": "Gallery object (1)", "action_flag": 2, "change_message": "[{\"changed\": {\"fields\": [\"Image product\"]}}]"}}, {"model": "admin.logentry", "pk": 12, "fields": {"action_time": "2020-10-08T21:42:06.090Z", "user": 3, "content_type": 10, "object_id": "1", "object_repr": "Gallery object (1)", "action_flag": 2, "change_message": "[]"}}, {"model": "admin.logentry", "pk": 13, "fields": {"action_time": "2020-10-08T21:42:19.639Z", "user": 3, "content_type": 10, "object_id": "2", "object_repr": "Gallery object (2)", "action_flag": 1, "change_message": "[{\"added\": {}}]"}}, {"model": "admin.logentry", "pk": 14, "fields": {"action_time": "2020-10-08T21:42:37.210Z", "user": 3, "content_type": 10, "object_id": "3", "object_repr": "Gallery object (3)", "action_flag": 1, "change_message": "[{\"added\": {}}]"}}, {"model": "admin.logentry", "pk": 15, "fields": {"action_time": "2020-10-08T21:43:02.453Z", "user": 3, "content_type": 10, "object_id": "4", "object_repr": "Gallery object (4)", "action_flag": 1, "change_message": "[{\"added\": {}}]"}}, {"model": "admin.logentry", "pk": 16, "fields": {"action_time": "2020-10-08T21:43:39.505Z", "user": 3, "content_type": 10, "object_id": "5", "object_repr": "Gallery object (5)", "action_flag": 1, "change_message": "[{\"added\": {}}]"}}, {"model": "admin.logentry", "pk": 17, "fields": {"action_time": "2020-10-08T21:43:53.701Z", "user": 3, "content_type": 10, "object_id": "6", "object_repr": "Gallery object (6)", "action_flag": 1, "change_message": "[{\"added\": {}}]"}}, {"model": "auth.permission", "pk": 1, "fields": {"name": "Can add log entry", "content_type": 1, "codename": "add_logentry"}}, {"model": "auth.permission", "pk": 2, "fields": {"name": "Can change log entry", "content_type": 1, "codename": "change_logentry"}}, {"model": "auth.permission", "pk": 3, "fields": {"name": "Can delete log entry", "content_type": 1, "codename": "delete_logentry"}}, {"model": "auth.permission", "pk": 4, "fields": {"name": "Can view log entry", "content_type": 1, "codename": "view_logentry"}}, {"model": "auth.permission", "pk": 5, "fields": {"name": "Can add permission", "content_type": 2, "codename": "add_permission"}}, {"model": "auth.permission", "pk": 6, "fields": {"name": "Can change permission", "content_type": 2, "codename": "change_permission"}}, {"model": "auth.permission", "pk": 7, "fields": {"name": "Can delete permission", "content_type": 2, "codename": "delete_permission"}}, {"model": "auth.permission", "pk": 8, "fields": {"name": "Can view permission", "content_type": 2, "codename": "view_permission"}}, {"model": "auth.permission", "pk": 9, "fields": {"name": "Can add group", "content_type": 3, "codename": "add_group"}}, {"model": "auth.permission", "pk": 10, "fields": {"name": "Can change group", "content_type": 3, "codename": "change_group"}}, {"model": "auth.permission", "pk": 11, "fields": {"name": "Can delete group", "content_type": 3, "codename": "delete_group"}}, {"model": "auth.permission", "pk": 12, "fields": {"name": "Can view group", "content_type": 3, "codename": "view_group"}}, {"model": "auth.permission", "pk": 13, "fields": {"name": "Can add content type", "content_type": 4, "codename": "add_contenttype"}}, {"model": "auth.permission", "pk": 14, "fields": {"name": "Can change content type", "content_type": 4, "codename": "change_contenttype"}}, {"model": "auth.permission", "pk": 15, "fields": {"name": "Can delete content type", "content_type": 4, "codename": "delete_contenttype"}}, {"model": "auth.permission", "pk": 16, "fields": {"name": "Can view content type", "content_type": 4, "codename": "view_contenttype"}}, {"model": "auth.permission", "pk": 17, "fields": {"name": "Can add session", "content_type": 5, "codename": "add_session"}}, {"model": "auth.permission", "pk": 18, "fields": {"name": "Can change session", "content_type": 5, "codename": "change_session"}}, {"model": "auth.permission", "pk": 19, "fields": {"name": "Can delete session", "content_type": 5, "codename": "delete_session"}}, {"model": "auth.permission", "pk": 20, "fields": {"name": "Can view session", "content_type": 5, "codename": "view_session"}}, {"model": "auth.permission", "pk": 21, "fields": {"name": "Can add product category", "content_type": 6, "codename": "add_productcategory"}}, {"model": "auth.permission", "pk": 22, "fields": {"name": "Can change product category", "content_type": 6, "codename": "change_productcategory"}}, {"model": "auth.permission", "pk": 23, "fields": {"name": "Can delete product category", "content_type": 6, "codename": "delete_productcategory"}}, {"model": "auth.permission", "pk": 24, "fields": {"name": "Can view product category", "content_type": 6, "codename": "view_productcategory"}}, {"model": "auth.permission", "pk": 25, "fields": {"name": "Can add product", "content_type": 7, "codename": "add_product"}}, {"model": "auth.permission", "pk": 26, "fields": {"name": "Can change product", "content_type": 7, "codename": "change_product"}}, {"model": "auth.permission", "pk": 27, "fields": {"name": "Can delete product", "content_type": 7, "codename": "delete_product"}}, {"model": "auth.permission", "pk": 28, "fields": {"name": "Can view product", "content_type": 7, "codename": "view_product"}}, {"model": "auth.permission", "pk": 29, "fields": {"name": "Can add user", "content_type": 8, "codename": "add_shopuser"}}, {"model": "auth.permission", "pk": 30, "fields": {"name": "Can change user", "content_type": 8, "codename": "change_shopuser"}}, {"model": "auth.permission", "pk": 31, "fields": {"name": "Can delete user", "content_type": 8, "codename": "delete_shopuser"}}, {"model": "auth.permission", "pk": 32, "fields": {"name": "Can view user", "content_type": 8, "codename": "view_shopuser"}}, {"model": "auth.permission", "pk": 33, "fields": {"name": "Can add basket", "content_type": 9, "codename": "add_basket"}}, {"model": "auth.permission", "pk": 34, "fields": {"name": "Can change basket", "content_type": 9, "codename": "change_basket"}}, {"model": "auth.permission", "pk": 35, "fields": {"name": "Can delete basket", "content_type": 9, "codename": "delete_basket"}}, {"model": "auth.permission", "pk": 36, "fields": {"name": "Can view basket", "content_type": 9, "codename": "view_basket"}}, {"model": "auth.permission", "pk": 37, "fields": {"name": "Can add gallery", "content_type": 10, "codename": "add_gallery"}}, {"model": "auth.permission", "pk": 38, "fields": {"name": "Can change gallery", "content_type": 10, "codename": "change_gallery"}}, {"model": "auth.permission", "pk": 39, "fields": {"name": "Can delete gallery", "content_type": 10, "codename": "delete_gallery"}}, {"model": "auth.permission", "pk": 40, "fields": {"name": "Can view gallery", "content_type": 10, "codename": "view_gallery"}}, {"model": "auth.permission", "pk": 41, "fields": {"name": "Can add shop user profile", "content_type": 11, "codename": "add_shopuserprofile"}}, {"model": "auth.permission", "pk": 42, "fields": {"name": "Can change shop user profile", "content_type": 11, "codename": "change_shopuserprofile"}}, {"model": "auth.permission", "pk": 43, "fields": {"name": "Can delete shop user profile", "content_type": 11, "codename": "delete_shopuserprofile"}}, {"model": "auth.permission", "pk": 44, "fields": {"name": "Can view shop user profile", "content_type": 11, "codename": "view_shopuserprofile"}}, {"model": "auth.permission", "pk": 45, "fields": {"name": "Can add association", "content_type": 12, "codename": "add_association"}}, {"model": "auth.permission", "pk": 46, "fields": {"name": "Can change association", "content_type": 12, "codename": "change_association"}}, {"model": "auth.permission", "pk": 47, "fields": {"name": "Can delete association", "content_type": 12, "codename": "delete_association"}}, {"model": "auth.permission", "pk": 48, "fields": {"name": "Can view association", "content_type": 12, "codename": "view_association"}}, {"model": "auth.permission", "pk": 49, "fields": {"name": "Can add code", "content_type": 13, "codename": "add_code"}}, {"model": "auth.permission", "pk": 50, "fields": {"name": "Can change code", "content_type": 13, "codename": "change_code"}}, {"model": "auth.permission", "pk": 51, "fields": {"name": "Can delete code", "content_type": 13, "codename": "delete_code"}}, {"model": "auth.permission", "pk": 52, "fields": {"name": "Can view code", "content_type": 13, "codename": "view_code"}}, {"model": "auth.permission", "pk": 53, "fields": {"name": "Can add nonce", "content_type": 14, "codename": "add_nonce"}}, {"model": "auth.permission", "pk": 54, "fields": {"name": "Can change nonce", "content_type": 14, "codename": "change_nonce"}}, {"model": "auth.permission", "pk": 55, "fields": {"name": "Can delete nonce", "content_type": 14, "codename": "delete_nonce"}}, {"model": "auth.permission", "pk": 56, "fields": {"name": "Can view nonce", "content_type": 14, "codename": "view_nonce"}}, {"model": "auth.permission", "pk": 57, "fields": {"name": "Can add user social auth", "content_type": 15, "codename": "add_usersocialauth"}}, {"model": "auth.permission", "pk": 58, "fields": {"name": "Can change user social auth", "content_type": 15, "codename": "change_usersocialauth"}}, {"model": "auth.permission", "pk": 59, "fields": {"name": "Can delete user social auth", "content_type": 15, "codename": "delete_usersocialauth"}}, {"model": "auth.permission", "pk": 60, "fields": {"name": "Can view user social auth", "content_type": 15, "codename": "view_usersocialauth"}}, {"model": "auth.permission", "pk": 61, "fields": {"name": "Can add partial", "content_type": 16, "codename": "add_partial"}}, {"model": "auth.permission", "pk": 62, "fields": {"name": "Can change partial", "content_type": 16, "codename": "change_partial"}}, {"model": "auth.permission", "pk": 63, "fields": {"name": "Can delete partial", "content_type": 16, "codename": "delete_partial"}}, {"model": "auth.permission", "pk": 64, "fields": {"name": "Can view partial", "content_type": 16, "codename": "view_partial"}}, {"model": "auth.permission", "pk": 65, "fields": {"name": "Can add заказ", "content_type": 17, "codename": "add_order"}}, {"model": "auth.permission", "pk": 66, "fields": {"name": "Can change заказ", "content_type": 17, "codename": "change_order"}}, {"model": "auth.permission", "pk": 67, "fields": {"name": "Can delete заказ", "content_type": 17, "codename": "delete_order"}}, {"model": "auth.permission", "pk": 68, "fields": {"name": "Can view заказ", "content_type": 17, "codename": "view_order"}}, {"model": "auth.permission", "pk": 69, "fields": {"name": "Can add order item", "content_type": 18, "codename": "add_orderitem"}}, {"model": "auth.permission", "pk": 70, "fields": {"name": "Can change order item", "content_type": 18, "codename": "change_orderitem"}}, {"model": "auth.permission", "pk": 71, "fields": {"name": "Can delete order item", "content_type": 18, "codename": "delete_orderitem"}}, {"model": "auth.permission", "pk": 72, "fields": {"name": "Can view order item", "content_type": 18, "codename": "view_orderitem"}}, {"model": "sessions.session", "pk": "0hbwhub87r6w37fcmik33o97pnxot3it", "fields": {"session_data": ".eJxVjEEOwiAQRe_C2hBgKBSX7j0DmQFGqoYmpV0Z765NutDtf-_9l4i4rTVuvSxxyuIsQJx-N8L0KG0H-Y7tNss0t3WZSO6KPGiX1zmX5-Vw_w4q9vqtTTIJE1lWkNkR5eJLUKABmAEo8Ji8cnqwmoPKYFRAGsh6R6NB9Ea8PwLROCE:1kPPhj:NlAMfXVdLoT_O_n_cY0UNu7nbdletnwvlBLV1Yfqbzc", "expire_date": "2020-10-19T12:34:59.171Z"}}, {"model": "sessions.session", "pk": "bu3zajismt0q2os4ceha5l8kpiniplj9", "fields": {"session_data": ".eJxVjEEOwiAQRe_C2hBgKBSX7j0DmQFGqoYmpV0Z765NutDtf-_9l4i4rTVuvSxxyuIsQJx-N8L0KG0H-Y7tNss0t3WZSO6KPGiX1zmX5-Vw_w4q9vqtTTIJE1lWkNkR5eJLUKABmAEo8Ji8cnqwmoPKYFRAGsh6R6NB9Ea8PwLROCE:1kZeq9:xlXmdBEHyDH5a1dndMjYbehKv5eWKHWzu66Trz1gZIg", "expire_date": "2020-11-16T18:46:01.601Z"}}, {"model": "sessions.session", "pk": "vnerv2e0fsawcqtpgpjkiuc61z34ih2b", "fields": {"session_data": ".eJxVjEEOwiAQRe_C2hBgKBSX7j0DmQFGqoYmpV0Z765NutDtf-_9l4i4rTVuvSxxyuIsQJx-N8L0KG0H-Y7tNss0t3WZSO6KPGiX1zmX5-Vw_w4q9vqtTTIJE1lWkNkR5eJLUKABmAEo8Ji8cnqwmoPKYFRAGsh6R6NB9Ea8PwLROCE:1kS1cT:2MyyprYfiEPEwDBdDI1d5fbyKBHEyxQF6DtdnHS9UUM", "expire_date": "2020-10-26T17:28:21.060Z"}}, {"model": "mainapp.productcategory", "pk": 1, "fields": {"name": "actions", "descriotion": "ghfdhfdhfgsdgdfsdaffa", "is_active": true}}, {"model": "mainapp.productcategory", "pk": 2, "fields": {"name": "MMORPG", "descriotion": "dadasd", "is_active": true}}, {"model": "mainapp.productcategory", "pk": 3, "fields": {"name": "стратегии", "descriotion": "", "is_active": true}}, {"model": "mainapp.product", "pk": 1, "fields": {"category": 1, "name": "ASSASINТS CREED: Rogue", "image": "product_images/assassing_vTztXuT.jpg", "short_desc": "", "descriotion": "", "price": "35.00", "quantity": 6, "is_active": true}}, {"model": "mainapp.product", "pk": 2, "fields": {"category": 2, "name": "WORLD OF WARCRAFT: Wrath Of The Linch King", "image": "product_images/warcraft2_w9D9fBh.jpg", "short_desc": "", "descriotion": "", "price": "45.00", "quantity": 2, "is_active": true}}, {"model": "mainapp.product", "pk": 3, "fields": {"category": 1, "name": "RYSE: Son Of Rome", "image": "product_images/ryse_U0wTyCc.jpg", "short_desc": "dfdf", "descriotion": "fgfdgsdfg", "price": "55.00", "quantity": 10, "is_active": true}}, {"model": "mainapp.product", "pk": 4, "fields": {"category": 1, "name": "TOMB RAIDER", "image": "product_images/raider_shnLgZA.jpg", "short_desc": "", "descriotion": "", "price": "23.00", "quantity": 26, "is_active": true}}, {"model": "mainapp.product", "pk": 5, "fields": {"category": 1, "name": "CALL OF DUTY: Modern Warfare 3", "image": "product_images/callofduty3head.jpg", "short_desc": "", "descriotion": "", "price": "29.00", "quantity": 13, "is_active": true}}, {"model": "mainapp.product", "pk": 6, "fields": {"category": 1, "name": "MEDAL OF HONOR", "image": "product_images/medalofhoner.jpeg", "short_desc": "gdg", "descriotion": "", "price": "29.90", "quantity": 11, "is_active": true}}, {"model": "mainapp.product", "pk": 7, "fields": {"category": 3, "name": "Civilization 6", "image": "product_images/Civilization_VI_Cover_Arthead.jpg", "short_desc": "", "descriotion": "", "price": "13.00", "quantity": 3, "is_active": false}}, {"model": "mainapp.product", "pk": 8, "fields": {"category": 3, "name": "Civilization 5", "image": "product_images/2656064_ZS09qfe.jpg", "short_desc": "", "descriotion": "", "price": "12.00", "quantity": 5, "is_active": true}}, {"model": "mainapp.product", "pk": 9, "fields": {"category": 1, "name": "65757657", "image": "product_images/TOMB1_BEbgwBP.jpg", "short_desc": "", "descriotion": "", "price": "1.00", "quantity": 1, "is_active": true}}, {"model": "mainapp.product", "pk": 10, "fields": {"category": 1, "name": "dfs", "image": "product_images/assasing3.jpg", "short_desc": "dfs", "descriotion": "", "price": "3.00", "quantity": 5, "is_active": true}}, {"model": "mainapp.product", "pk": 11, "fields": {"category": 1, "name": "fdsf", "image": "product_images/ACRR_01_Cinematic_NewYork_3217421X.png", "short_desc": "", "descriotion": "", "price": "1.00", "quantity": 3, "is_active": false}}, {"model": "mainapp.product", "pk": 12, "fields": {"category": 1, "name": "rtr", "image": "product_images/Warfare2.jpg", "short_desc": "rte", "descriotion": "rte", "price": "1.00", "quantity": 2, "is_active": false}}, {"model": "mainapp.product", "pk": 13, "fields": {"category": 2, "name": "dsfsd", "image": "product_images/ACRR_01_Cinematic_NewYork_3217421X_zXpaaX2.png", "short_desc": "", "descriotion": "", "price": "1.00", "quantity": 1, "is_active": true}}, {"model": "mainapp.product", "pk": 14, "fields": {"category": 1, "name": "sfdf333333", "image": "product_images/ryse1.jpg", "short_desc": "fdsf", "descriotion": "dsfs", "price": "2.00", "quantity": 3, "is_active": true}}, {"model": "mainapp.product", "pk": 15, "fields": {"category": 3, "name": "666", "image": "product_images/assasing2.jpg", "short_desc": "", "descriotion": "", "price": "34.00", "quantity": 7, "is_active": true}}, {"model": "mainapp.product", "pk": 16, "fields": {"category": 3, "name": "3333", "image": "", "short_desc": "dfdf", "descriotion": "", "price": "3.00", "quantity": 3, "is_active": true}}, {"model": "mainapp.product", "pk": 17, "fields": {"category": 2, "name": "fdgdfg", "image": "product_images/Warfare1.jpg", "short_desc": "gf", "descriotion": "gd", "price": "12.00", "quantity": 12, "is_active": true}}, {"model": "mainapp.product", "pk": 18, "fields": {"category": 2, "name": "erwr", "image": "product_images/2656064_xgn6ust.jpg", "short_desc": "", "descriotion": "", "price": "3.00", "quantity": 1, "is_active": true}}, {"model": "mainapp.product", "pk": 19, "fields": {"category": 2, "name": "777", "image": "", "short_desc": "7", "descriotion": "", "price": "7.00", "quantity": 7, "is_active": true}}, {"model": "mainapp.product", "pk": 20, "fields": {"category": 2, "name": "777", "image": "", "short_desc": "7", "descriotion": "", "price": "7.00", "quantity": 7, "is_active": true}}, {"model": "mainapp.product", "pk": 21, "fields": {"category": 2, "name": "88", "image": "", "short_desc": "", "descriotion": "", "price": "8.00", "quantity": 8, "is_active": true}}, {"model": "mainapp.product", "pk": 22, "fields": {"category": 2, "name": "99", "image": "", "short_desc": "", "descriotion": "", "price": "9.00", "quantity": 9, "is_active": true}}, {"model": "mainapp.product", "pk": 23, "fields": {"category": 2, "name": "4", "image": "", "short_desc": "4", "descriotion": "", "price": "4.00", "quantity": 4, "is_active": true}}, {"model": "mainapp.product", "pk": 24, "fields": {"category": 2, "name": "4", "image": "", "short_desc": "4", "descriotion": "", "price": "4.00", "quantity": 4, "is_active": true}}, {"model": "mainapp.product", "pk": 25, "fields": {"category": 2, "name": "4", "image": "", "short_desc": "4", "descriotion": "", "price": "4.00", "quantity": 4, "is_active": true}}, {"model": "mainapp.product", "pk": 26, "fields": {"category": 2, "name": "4", "image": "", "short_desc": "4", "descriotion": "", "price": "4.00", "quantity": 4, "is_active": true}}, {"model": "mainapp.product", "pk": 27, "fields": {"category": 2, "name": "4", "image": "", "short_desc": "4", "descriotion": "", "price": "4.00", "quantity": 4, "is_active": true}}, {"model": "mainapp.product", "pk": 28, "fields": {"category": 2, "name": "5", "image": "", "short_desc": "5", "descriotion": "", "price": "5.00", "quantity": 5, "is_active": true}}, {"model": "mainapp.product", "pk": 29, "fields": {"category": 2, "name": "5", "image": "", "short_desc": "5", "descriotion": "", "price": "5.00", "quantity": 5, "is_active": true}}, {"model": "mainapp.product", "pk": 30, "fields": {"category": 2, "name": "5", "image": "", "short_desc": "5", "descriotion": "", "price": "5.00", "quantity": 5, "is_active": true}}, {"model": "mainapp.product", "pk": 31, "fields": {"category": 2, "name": "5", "image": "", "short_desc": "5", "descriotion": "", "price": "5.00", "quantity": 5, "is_active": true}}, {"model": "mainapp.product", "pk": 32, "fields": {"category": 2, "name": "7", "image": "", "short_desc": "7", "descriotion": "7", "price": "7.00", "quantity": 7, "is_active": true}}, {"model": "mainapp.product", "pk": 33, "fields": {"category": 2, "name": "7", "image": "", "short_desc": "7", "descriotion": "7", "price": "7.00", "quantity": 7, "is_active": true}}, {"model": "mainapp.product", "pk": 34, "fields": {"category": 2, "name": "44", "image": "", "short_desc": "", "descriotion": "", "price": "44.00", "quantity": 4, "is_active": true}}, {"model": "mainapp.product", "pk": 35, "fields": {"category": 2, "name": "44", "image": "", "short_desc": "", "descriotion": "", "price": "44.00", "quantity": 4, "is_active": true}}, {"model": "mainapp.product", "pk": 36, "fields": {"category": 2, "name": "99", "image": "", "short_desc": "99", "descriotion": "99", "price": "9.00", "quantity": 9, "is_active": true}}, {"model": "mainapp.product", "pk": 37, "fields": {"category": 2, "name": "00", "image": "", "short_desc": "", "descriotion": "", "price": "8.00", "quantity": 8, "is_active": true}}, {"model": "mainapp.product", "pk": 38, "fields": {"category": 2, "name": "111", "image": "", "short_desc": "11", "descriotion": "11", "price": "1.00", "quantity": 2, "is_active": true}}, {"model": "mainapp.product", "pk": 39, "fields": {"category": 2, "name": "8888", "image": "", "short_desc": "", "descriotion": "", "price": "8.00", "quantity": 8, "is_active": true}}, {"model": "mainapp.product", "pk": 40, "fields": {"category": 2, "name": "8888", "image": "", "short_desc": "", "descriotion": "", "price": "8.00", "quantity": 8, "is_active": true}}, {"model": "mainapp.product", "pk": 41, "fields": {"category": 2, "name": "99999", "image": "", "short_desc": "", "descriotion": "", "price": "9.00", "quantity": 9, "is_active": true}}, {"model": "mainapp.product", "pk": 42, "fields": {"category": 2, "name": "99999", "image": "", "short_desc": "", "descriotion": "", "price": "9.00", "quantity": 9, "is_active": true}}, {"model": "mainapp.product", "pk": 43, "fields": {"category": 2, "name": "123", "image": "", "short_desc": "", "descriotion": "", "price": "12.00", "quantity": 12, "is_active": true}}, {"model": "mainapp.product", "pk": 44, "fields": {"category": 2, "name": "123", "image": "", "short_desc": "", "descriotion": "", "price": "12.00", "quantity": 12, "is_active": true}}, {"model": "mainapp.product", "pk": 45, "fields": {"category": 2, "name": "344", "image": "", "short_desc": "", "descriotion": "", "price": "4.00", "quantity": 4, "is_active": true}}, {"model": "mainapp.product", "pk": 46, "fields": {"category": 2, "name": "344", "image": "", "short_desc": "", "descriotion": "", "price": "4.00", "quantity": 4, "is_active": true}}, {"model": "mainapp.product", "pk": 47, "fields": {"category": 2, "name": "344", "image": "", "short_desc": "", "descriotion": "", "price": "4.00", "quantity": 4, "is_active": true}}, {"model": "mainapp.product", "pk": 48, "fields": {"category": 2, "name": "344", "image": "", "short_desc": "", "descriotion": "", "price": "4.00", "quantity": 4, "is_active": true}}, {"model": "mainapp.product", "pk": 49, "fields": {"category": 2, "name": "87", "image": "", "short_desc": "", "descriotion": "", "price": "8.00", "quantity": 8, "is_active": true}}, {"model": "mainapp.product", "pk": 50, "fields": {"category": 2, "name": "87", "image": "", "short_desc": "", "descriotion": "", "price": "8.00", "quantity": 8, "is_active": true}}, {"model": "mainapp.product", "pk": 51, "fields": {"category": 2, "name": "retrt", "image": "", "short_desc": "", "descriotion": "", "price": "5.00", "quantity": 5, "is_active": true}}, {"model": "mainapp.product", "pk": 52, "fields": {"category": 2, "name": "retrt", "image": "", "short_desc": "", "descriotion": "", "price": "5.00", "quantity": 5, "is_active": true}}, {"model": "mainapp.product", "pk": 53, "fields": {"category": 2, "name": "78978", "image": "", "short_desc": "", "descriotion": "", "price": "9.00", "quantity": 9, "is_active": true}}, {"model": "mainapp.product", "pk": 54, "fields": {"category": 2, "name": "78978", "image": "", "short_desc": "", "descriotion": "", "price": "9.00", "quantity": 9, "is_active": true}}, {"model": "mainapp.product", "pk": 55, "fields": {"category": 2, "name": "78978", "image": "", "short_desc": "", "descriotion": "", "price": "9.00", "quantity": 9, "is_active": true}}, {"model": "mainapp.product", "pk": 56, "fields": {"category": 2, "name": "78978", "image": "", "short_desc": "", "descriotion": "", "price": "9.00", "quantity": 9, "is_active": true}}, {"model": "mainapp.product", "pk": 57, "fields": {"category": 2, "name": "78978", "image": "", "short_desc": "", "descriotion": "", "price": "9.00", "quantity": 13, "is_active": true}}, {"model": "mainapp.product", "pk": 58, "fields": {"category": 2, "name": "78978", "image": "", "short_desc": "", "descriotion": "", "price": "9.00", "quantity": 9, "is_active": true}}, {"model": "mainapp.product", "pk": 59, "fields": {"category": 2, "name": "retrt", "image": "", "short_desc": "", "descriotion": "", "price": "5.00", "quantity": 5, "is_active": true}}, {"model": "mainapp.product", "pk": 60, "fields": {"category": 2, "name": "87", "image": "", "short_desc": "", "descriotion": "", "price": "8.00", "quantity": 8, "is_active": true}}, {"model": "mainapp.product", "pk": 61, "fields": {"category": 1, "name": "567657", "image": "", "short_desc": "", "descriotion": "", "price": "4.00", "quantity": 4, "is_active": true}}, {"model": "mainapp.product", "pk": 62, "fields": {"category": 1, "name": "34", "image": "", "short_desc": "", "descriotion": "", "price": "4.00", "quantity": 5, "is_active": true}}, {"model": "mainapp.product", "pk": 63, "fields": {"category": 1, "name": "34", "image": "", "short_desc": "", "descriotion": "", "price": "4.00", "quantity": 5, "is_active": true}}, {"model": "mainapp.product", "pk": 64, "fields": {"category": 1, "name": "34", "image": "", "short_desc": "", "descriotion": "", "price": "4.00", "quantity": 5, "is_active": true}}, {"model": "mainapp.product", "pk": 65, "fields": {"category": 1, "name": "34", "image": "", "short_desc": "", "descriotion": "", "price": "4.00", "quantity": 5, "is_active": true}}, {"model": "mainapp.product", "pk": 66, "fields": {"category": 2, "name": "67", "image": "", "short_desc": "67", "descriotion": "", "price": "7.00", "quantity": 7, "is_active": true}}, {"model": "mainapp.product", "pk": 67, "fields": {"category": 1, "name": "88", "image": "", "short_desc": "", "descriotion": "", "price": "2.00", "quantity": 2, "is_active": true}}, {"model": "mainapp.product", "pk": 68, "fields": {"category": 1, "name": "0000", "image": "", "short_desc": "", "descriotion": "", "price": "5.00", "quantity": 5, "is_active": true}}, {"model": "mainapp.product", "pk": 69, "fields": {"category": 3, "name": "78676", "image": "", "short_desc": "", "descriotion": "", "price": "7.00", "quantity": 8, "is_active": true}}, {"model": "mainapp.product", "pk": 70, "fields": {"category": 3, "name": "54356765", "image": "", "short_desc": "", "descriotion": "", "price": "6.00", "quantity": 6, "is_active": true}}, {"model": "mainapp.product", "pk": 71, "fields": {"category": 3, "name": "87979", "image": "", "short_desc": "", "descriotion": "", "price": "7.00", "quantity": 7, "is_active": true}}, {"model": "mainapp.product", "pk": 72, "fields": {"category": 3, "name": "87997675", "image": "", "short_desc": "", "descriotion": "", "price": "76.00", "quantity": 6, "is_active": true}}, {"model": "mainapp.product", "pk": 73, "fields": {"category": 2, "name": "08908", "image": "", "short_desc": "", "descriotion": "", "price": "4.00", "quantity": 4, "is_active": true}}, {"model": "mainapp.product", "pk": 74, "fields": {"category": 3, "name": "hfdhgdnb", "image": "", "short_desc": "", "descriotion": "", "price": "5.00", "quantity": 5, "is_active": true}}, {"model": "mainapp.product", "pk": 75, "fields": {"category": 3, "name": "dsgfg", "image": "", "short_desc": "", "descriotion": "", "price": "6.00", "quantity": 6, "is_active": true}}, {"model": "mainapp.product", "pk": 76, "fields": {"category": 3, "name": "gfhfgh", "image": "", "short_desc": "", "descriotion": "", "price": "5.00", "quantity": 5, "is_active": true}}, {"model": "mainapp.product", "pk": 77, "fields": {"category": 3, "name": "4346y5", "image": "", "short_desc": "", "descriotion": "", "price": "6.00", "quantity": 6, "is_active": true}}, {"model": "mainapp.product", "pk": 78, "fields": {"category": 3, "name": "5646", "image": "", "short_desc": "", "descriotion": "", "price": "3.00", "quantity": 3, "is_active": true}}, {"model": "mainapp.product", "pk": 79, "fields": {"category": 2, "name": "768678", "image": "", "short_desc": "", "descriotion": "", "price": "7.00", "quantity": 7, "is_active": true}}, {"model": "mainapp.product", "pk": 80, "fields": {"category": 1, "name": "78879", "image": "", "short_desc": "", "descriotion": "", "price": "7.00", "quantity": 7, "is_active": true}}, {"model": "mainapp.product", "pk": 81, "fields": {"category": 3, "name": "7978956", "image": "", "short_desc": "", "descriotion": "", "price": "9.00", "quantity": 9, "is_active": true}}, {"model": "mainapp.product", "pk": 82, "fields": {"category": 3, "name": "87990", "image": "", "short_desc": "", "descriotion": "", "price": "7.00", "quantity": 7, "is_active": true}}, {"model": "mainapp.product", "pk": 83, "fields": {"category": 3, "name": "9832341", "image": "", "short_desc": "", "descriotion": "", "price": "4.00", "quantity": 4, "is_active": true}}, {"model": "mainapp.product", "pk": 84, "fields": {"category": 3, "name": "gt54654", "image": "", "short_desc": "", "descriotion": "", "price": "6.00", "quantity": 6, "is_active": true}}, {"model": "mainapp.product", "pk": 85, "fields": {"category": 3, "name": "65556656", "image": "", "short_desc": "", "descriotion": "", "price": "6.00", "quantity": 6, "is_active": true}}, {"model": "mainapp.product", "pk": 86, "fields": {"category": 3, "name": "32132145", "image": "", "short_desc": "", "descriotion": "", "price": "54.00", "quantity": 6, "is_active": true}}, {"model": "mainapp.product", "pk": 87, "fields": {"category": 3, "name": "5687867", "image": "", "short_desc": "", "descriotion": "", "price": "7.00", "quantity": 7, "is_active": true}}, {"model": "mainapp.product", "pk": 88, "fields": {"category": 3, "name": "5687867", "image": "", "short_desc": "", "descriotion": "", "price": "7.00", "quantity": 7, "is_active": true}}, {"model": "mainapp.product", "pk": 89, "fields": {"category": 3, "name": "65532232", "image": "", "short_desc": "", "descriotion": "", "price": "5.00", "quantity": 5, "is_active": true}}, {"model": "mainapp.product", "pk": 90, "fields": {"category": 3, "name": "98007565", "image": "product_images/2656064_Zh5Fs8I.jpg", "short_desc": "", "descriotion": "", "price": "7.00", "quantity": 8, "is_active": true}}, {"model": "mainapp.product", "pk": 91, "fields": {"category": 3, "name": "retertretr", "image": "", "short_desc": "", "descriotion": "", "price": "5.00", "quantity": 5, "is_active": true}}, {"model": "mainapp.product", "pk": 92, "fields": {"category": 3, "name": "retertretr", "image": "", "short_desc": "", "descriotion": "", "price": "5.00", "quantity": 5, "is_active": true}}, {"model": "mainapp.product", "pk": 93, "fields": {"category": 3, "name": "retertretr", "image": "", "short_desc": "", "descriotion": "", "price": "5.00", "quantity": 5, "is_active": true}}, {"model": "mainapp.product", "pk": 94, "fields": {"category": 3, "name": "7876878678", "image": "", "short_desc": "", "descriotion": "", "price": "7.00", "quantity": 7, "is_active": true}}, {"model": "mainapp.product", "pk": 95, "fields": {"category": 3, "name": "78878809090", "image": "product_images/0b57bhot.jpeg", "short_desc": "", "descriotion": "", "price": "9.00", "quantity": 9, "is_active": true}}, {"model": "mainapp.product", "pk": 96, "fields": {"category": 2, "name": "o9o9o9", "image": "product_images/Civilization_VI_Cover_Arthead_HqEewQU.jpg", "short_desc": "", "descriotion": "", "price": "0.00", "quantity": 0, "is_active": true}}, {"model": "mainapp.product", "pk": 97, "fields": {"category": 1, "name": "87989065456", "image": "", "short_desc": "", "descriotion": "", "price": "4.00", "quantity": 4, "is_active": true}}, {"model": "mainapp.product", "pk": 98, "fields": {"category": 1, "name": "87989065456", "image": "", "short_desc": "", "descriotion": "", "price": "4.00", "quantity": 4, "is_active": true}}, {"model": "mainapp.product", "pk": 99, "fields": {"category": 3, "name": "rtwtret", "image": "", "short_desc": "", "descriotion": "", "price": "676.00", "quantity": 6, "is_active": true}}, {"model": "mainapp.product", "pk": 100, "fields": {"category": 2, "name": "67568768", "image": "product_images/WARCRAFT1.jpg", "short_desc": "", "descriotion": "", "price": "0.00", "quantity": 0, "is_active": true}}, {"model": "mainapp.gallery", "pk": 74, "fields": {"name_gallery": 1, "hot_image": "", "image_product": ""}}, {"model": "mainapp.gallery", "pk": 75, "fields": {"name_gallery": 2, "hot_image": "", "image_product": ""}}, {"model": "mainapp.gallery", "pk": 76, "fields": {"name_gallery": 3, "hot_image": "", "image_product": ""}}, {"model": "mainapp.gallery", "pk": 77, "fields": {"name_gallery": 4, "hot_image": "", "image_product": ""}}, {"model": "mainapp.gallery", "pk": 78, "fields": {"name_gallery": 5, "hot_image": "", "image_product": ""}}, {"model": "mainapp.gallery", "pk": 79, "fields": {"name_gallery": 6, "hot_image": "", "image_product": ""}}, {"model": "mainapp.gallery", "pk": 80, "fields": {"name_gallery": 7, "hot_image": "", "image_product": ""}}, {"model": "mainapp.gallery", "pk": 81, "fields": {"name_gallery": 8, "hot_image": "", "image_product": ""}}, {"model": "mainapp.gallery", "pk": 82, "fields": {"name_gallery": 9, "hot_image": "", "image_product": ""}}, {"model": "mainapp.gallery", "pk": 83, "fields": {"name_gallery": 10, "hot_image": "", "image_product": ""}}, {"model": "mainapp.gallery", "pk": 84, "fields": {"name_gallery": 11, "hot_image": "", "image_product": ""}}, {"model": "mainapp.gallery", "pk": 85, "fields": {"name_gallery": 12, "hot_image": "", "image_product": ""}}, {"model": "mainapp.gallery", "pk": 86, "fields": {"name_gallery": 13, "hot_image": "", "image_product": ""}}, {"model": "mainapp.gallery", "pk": 87, "fields": {"name_gallery": 14, "hot_image": "", "image_product": ""}}, {"model": "mainapp.gallery", "pk": 88, "fields": {"name_gallery": 15, "hot_image": "", "image_product": ""}}, {"model": "mainapp.gallery", "pk": 89, "fields": {"name_gallery": 16, "hot_image": "", "image_product": ""}}, {"model": "mainapp.gallery", "pk": 90, "fields": {"name_gallery": 17, "hot_image": "", "image_product": ""}}, {"model": "mainapp.gallery", "pk": 91, "fields": {"name_gallery": 18, "hot_image": "", "image_product": ""}}, {"model": "mainapp.gallery", "pk": 92, "fields": {"name_gallery": 19, "hot_image": "", "image_product": ""}}, {"model": "mainapp.gallery", "pk": 93, "fields": {"name_gallery": 20, "hot_image": "", "image_product": ""}}, {"model": "mainapp.gallery", "pk": 94, "fields": {"name_gallery": 21, "hot_image": "", "image_product": ""}}, {"model": "mainapp.gallery", "pk": 95, "fields": {"name_gallery": 22, "hot_image": "", "image_product": ""}}, {"model": "mainapp.gallery", "pk": 96, "fields": {"name_gallery": 23, "hot_image": "", "image_product": ""}}, {"model": "mainapp.gallery", "pk": 97, "fields": {"name_gallery": 24, "hot_image": "", "image_product": ""}}, {"model": "mainapp.gallery", "pk": 98, "fields": {"name_gallery": 25, "hot_image": "", "image_product": ""}}, {"model": "mainapp.gallery", "pk": 99, "fields": {"name_gallery": 26, "hot_image": "", "image_product": ""}}, {"model": "mainapp.gallery", "pk": 100, "fields": {"name_gallery": 27, "hot_image": "", "image_product": ""}}, {"model": "mainapp.gallery", "pk": 101, "fields": {"name_gallery": 28, "hot_image": "", "image_product": ""}}, {"model": "mainapp.gallery", "pk": 102, "fields": {"name_gallery": 29, "hot_image": "", "image_product": ""}}, {"model": "mainapp.gallery", "pk": 103, "fields": {"name_gallery": 30, "hot_image": "", "image_product": ""}}, {"model": "mainapp.gallery", "pk": 104, "fields": {"name_gallery": 31, "hot_image": "", "image_product": ""}}, {"model": "mainapp.gallery", "pk": 105, "fields": {"name_gallery": 32, "hot_image": "", "image_product": ""}}, {"model": "mainapp.gallery", "pk": 106, "fields": {"name_gallery": 33, "hot_image": "", "image_product": ""}}, {"model": "mainapp.gallery", "pk": 107, "fields": {"name_gallery": 34, "hot_image": "", "image_product": ""}}, {"model": "mainapp.gallery", "pk": 108, "fields": {"name_gallery": 35, "hot_image": "", "image_product": ""}}, {"model": "mainapp.gallery", "pk": 109, "fields": {"name_gallery": 36, "hot_image": "", "image_product": ""}}, {"model": "mainapp.gallery", "pk": 110, "fields": {"name_gallery": 37, "hot_image": "", "image_product": ""}}, {"model": "mainapp.gallery", "pk": 111, "fields": {"name_gallery": 38, "hot_image": "", "image_product": ""}}, {"model": "mainapp.gallery", "pk": 112, "fields": {"name_gallery": 39, "hot_image": "", "image_product": ""}}, {"model": "mainapp.gallery", "pk": 113, "fields": {"name_gallery": 40, "hot_image": "", "image_product": ""}}, {"model": "mainapp.gallery", "pk": 114, "fields": {"name_gallery": 41, "hot_image": "", "image_product": ""}}, {"model": "mainapp.gallery", "pk": 115, "fields": {"name_gallery": 42, "hot_image": "", "image_product": ""}}, {"model": "mainapp.gallery", "pk": 116, "fields": {"name_gallery": 43, "hot_image": "", "image_product": ""}}, {"model": "mainapp.gallery", "pk": 117, "fields": {"name_gallery": 44, "hot_image": "", "image_product": ""}}, {"model": "mainapp.gallery", "pk": 118, "fields": {"name_gallery": 45, "hot_image": "", "image_product": ""}}, {"model": "mainapp.gallery", "pk": 119, "fields": {"name_gallery": 46, "hot_image": "", "image_product": ""}}, {"model": "mainapp.gallery", "pk": 120, "fields": {"name_gallery": 47, "hot_image": "", "image_product": ""}}, {"model": "mainapp.gallery", "pk": 121, "fields": {"name_gallery": 48, "hot_image": "", "image_product": ""}}, {"model": "mainapp.gallery", "pk": 122, "fields": {"name_gallery": 49, "hot_image": "", "image_product": ""}}, {"model": "mainapp.gallery", "pk": 123, "fields": {"name_gallery": 50, "hot_image": "", "image_product": ""}}, {"model": "mainapp.gallery", "pk": 124, "fields": {"name_gallery": 51, "hot_image": "", "image_product": ""}}, {"model": "mainapp.gallery", "pk": 125, "fields": {"name_gallery": 52, "hot_image": "", "image_product": ""}}, {"model": "mainapp.gallery", "pk": 126, "fields": {"name_gallery": 53, "hot_image": "", "image_product": ""}}, {"model": "mainapp.gallery", "pk": 127, "fields": {"name_gallery": 54, "hot_image": "", "image_product": ""}}, {"model": "mainapp.gallery", "pk": 128, "fields": {"name_gallery": 55, "hot_image": "", "image_product": ""}}, {"model": "mainapp.gallery", "pk": 129, "fields": {"name_gallery": 56, "hot_image": "", "image_product": ""}}, {"model": "mainapp.gallery", "pk": 130, "fields": {"name_gallery": 57, "hot_image": "", "image_product": ""}}, {"model": "mainapp.gallery", "pk": 131, "fields": {"name_gallery": 58, "hot_image": "", "image_product": ""}}, {"model": "mainapp.gallery", "pk": 132, "fields": {"name_gallery": 59, "hot_image": "", "image_product": ""}}, {"model": "mainapp.gallery", "pk": 133, "fields": {"name_gallery": 60, "hot_image": "", "image_product": ""}}, {"model": "mainapp.gallery", "pk": 134, "fields": {"name_gallery": 61, "hot_image": "", "image_product": ""}}, {"model": "mainapp.gallery", "pk": 135, "fields": {"name_gallery": 62, "hot_image": "", "image_product": ""}}, {"model": "mainapp.gallery", "pk": 136, "fields": {"name_gallery": 63, "hot_image": "", "image_product": ""}}, {"model": "mainapp.gallery", "pk": 137, "fields": {"name_gallery": 64, "hot_image": "", "image_product": ""}}, {"model": "mainapp.gallery", "pk": 138, "fields": {"name_gallery": 65, "hot_image": "", "image_product": ""}}, {"model": "mainapp.gallery", "pk": 139, "fields": {"name_gallery": 66, "hot_image": "", "image_product": ""}}, {"model": "mainapp.gallery", "pk": 140, "fields": {"name_gallery": 67, "hot_image": "", "image_product": ""}}, {"model": "mainapp.gallery", "pk": 141, "fields": {"name_gallery": 68, "hot_image": "", "image_product": ""}}, {"model": "mainapp.gallery", "pk": 142, "fields": {"name_gallery": 69, "hot_image": "", "image_product": ""}}, {"model": "mainapp.gallery", "pk": 143, "fields": {"name_gallery": 70, "hot_image": "", "image_product": ""}}, {"model": "mainapp.gallery", "pk": 144, "fields": {"name_gallery": 71, "hot_image": "", "image_product": ""}}, {"model": "mainapp.gallery", "pk": 145, "fields": {"name_gallery": 72, "hot_image": "", "image_product": ""}}, {"model": "mainapp.gallery", "pk": 146, "fields": {"name_gallery": 73, "hot_image": "", "image_product": ""}}, {"model": "mainapp.gallery", "pk": 147, "fields": {"name_gallery": 74, "hot_image": "", "image_product": ""}}, {"model": "mainapp.gallery", "pk": 148, "fields": {"name_gallery": 75, "hot_image": "", "image_product": ""}}, {"model": "mainapp.gallery", "pk": 149, "fields": {"name_gallery": 76, "hot_image": "", "image_product": ""}}, {"model": "mainapp.gallery", "pk": 150, "fields": {"name_gallery": 77, "hot_image": "", "image_product": ""}}, {"model": "mainapp.gallery", "pk": 151, "fields": {"name_gallery": 78, "hot_image": "", "image_product": ""}}, {"model": "mainapp.gallery", "pk": 152, "fields": {"name_gallery": 79, "hot_image": "", "image_product": ""}}, {"model": "mainapp.gallery", "pk": 153, "fields": {"name_gallery": 80, "hot_image": "", "image_product": ""}}, {"model": "mainapp.gallery", "pk": 154, "fields": {"name_gallery": 81, "hot_image": "", "image_product": ""}}, {"model": "mainapp.gallery", "pk": 155, "fields": {"name_gallery": 82, "hot_image": "", "image_product": ""}}, {"model": "mainapp.gallery", "pk": 156, "fields": {"name_gallery": 83, "hot_image": "", "image_product": ""}}, {"model": "mainapp.gallery", "pk": 157, "fields": {"name_gallery": 84, "hot_image": "", "image_product": ""}}, {"model": "mainapp.gallery", "pk": 158, "fields": {"name_gallery": 85, "hot_image": "/img.jpg", "image_product": ""}}, {"model": "mainapp.gallery", "pk": 159, "fields": {"name_gallery": 86, "hot_image": "", "image_product": ""}}, {"model": "mainapp.gallery", "pk": 160, "fields": {"name_gallery": 87, "hot_image": "", "image_product": ""}}, {"model": "mainapp.gallery", "pk": 161, "fields": {"name_gallery": 88, "hot_image": "", "image_product": ""}}, {"model": "mainapp.gallery", "pk": 162, "fields": {"name_gallery": 89, "hot_image": "", "image_product": ""}}, {"model": "mainapp.gallery", "pk": 163, "fields": {"name_gallery": 90, "hot_image": "", "image_product": ""}}, {"model": "mainapp.gallery", "pk": 164, "fields": {"name_gallery": 91, "hot_image": "", "image_product": ""}}, {"model": "mainapp.gallery", "pk": 165, "fields": {"name_gallery": 92, "hot_image": "", "image_product": ""}}, {"model": "mainapp.gallery", "pk": 166, "fields": {"name_gallery": 93, "hot_image": "", "image_product": ""}}, {"model": "mainapp.gallery", "pk": 167, "fields": {"name_gallery": 94, "hot_image": "", "image_product": ""}}, {"model": "mainapp.gallery", "pk": 168, "fields": {"name_gallery": 95, "hot_image": "", "image_product": ""}}, {"model": "mainapp.gallery", "pk": 169, "fields": {"name_gallery": 96, "hot_image": "hot_images/0b57bhot.jpeg", "image_product": ""}}, {"model": "mainapp.gallery", "pk": 170, "fields": {"name_gallery": 97, "hot_image": "", "image_product": ""}}, {"model": "mainapp.gallery", "pk": 171, "fields": {"name_gallery": 98, "hot_image": "", "image_product": ""}}, {"model": "mainapp.gallery", "pk": 172, "fields": {"name_gallery": 99, "hot_image": "", "image_product": ""}}, {"model": "mainapp.gallery", "pk": 173, "fields": {"name_gallery": 100, "hot_image": "hot_images/WARCRAFT3.jpg", "image_product": ""}}, {"model": "authapp.shopuser", "pk": 2, "fields": {"password": "pbkdf2_sha256$216000$4IishPriy5L5$auE6+/6vBTqSYDRWMx+yxGJpG4u78BZJY2/1gEJWiUM=", "last_login": "2020-10-01T16:11:36Z", "is_superuser": false, "username": "1236", "first_name": "", "last_name": "", "email": "", "is_staff": true, "is_active": true, "date_joined": "2020-10-01T15:39:44Z", "avatar": "", "age": 23, "activation_key": "", "activation_key_expires": "2020-10-23T11:45:12Z", "groups": [], "user_permissions": []}}, {"model": "authapp.shopuser", "pk": 3, "fields": {"password": "pbkdf2_sha256$216000$vDhKtaWZTyR2$42JpnGfwzoeauFtgoHaKOvU9c0qeubXwrcoFoN1Ge8g=", "last_login": "2020-11-02T18:46:01.409Z", "is_superuser": true, "username": "django", "first_name": "django12345", "last_name": "", "email": "igorkuz2018@yandex.ru", "is_staff": true, "is_active": true, "date_joined": "2020-10-01T15:43:24Z", "avatar": "", "age": 23, "activation_key": "", "activation_key_expires": "2020-10-23T11:45:12.977Z", "groups": [], "user_permissions": []}}, {"model": "authapp.shopuser", "pk": 4, "fields": {"password": "pbkdf2_sha256$216000$7XSaPLYsc63D$leeMuAi+s5XTrXM4D1jdssVzcdIyy2ywup0V5lq+JuY=", "last_login": "2020-10-08T19:37:29Z", "is_superuser": false, "username": "igor", "first_name": "igor123", "last_name": "", "email": "11@11.ru", "is_staff": false, "is_active": false, "date_joined": "2020-10-01T21:33:11Z", "avatar": "", "age": 67, "activation_key": "", "activation_key_expires": "2020-10-23T11:45:12.977Z", "groups": [], "user_permissions": []}}, {"model": "authapp.shopuser", "pk": 5, "fields": {"password": "pbkdf2_sha256$216000$hT53x5C44yq0$cyV7FYhNQ/sRXvj9y3XvS760IDQF46AYXjabHUVOCEc=", "last_login": null, "is_superuser": false, "username": "igor66", "first_name": "igor", "last_name": "", "email": "2018@yandex.ru", "is_staff": false, "is_active": true, "date_joined": "2020-10-18T14:23:08Z", "avatar": "users_avatars/—нимок.JPG", "age": 34, "activation_key": "", "activation_key_expires": "2020-10-23T11:45:12.977Z", "groups": [], "user_permissions": []}}, {"model": "authapp.shopuser", "pk": 6, "fields": {"password": "pbkdf2_sha256$216000$yHLdWlcOMFcw$iQwMhP8cRFWo3Lj+q+UIn9LPYDwYORVf/fowI3RH2/E=", "last_login": null, "is_superuser": false, "username": "igor4", "first_name": "igor4", "last_name": "", "email": "igorkuz5@yandex.ru", "is_staff": false, "is_active": false, "date_joined": "2020-10-21T13:13:53.036Z", "avatar": "", "age": 23, "activation_key": "<built-in method hexdigest of _hashlib.HASH object at 0x05008A70>", "activation_key_expires": "2020-10-23T13:13:16.071Z", "groups": [], "user_permissions": []}}, {"model": "authapp.shopuser", "pk": 7, "fields": {"password": "pbkdf2_sha256$216000$N08HlcFI8Svt$tlYP4qSqg3p5P4Q10HO3+nIwhA2pObbSj4xtGsqC8yQ=", "last_login": null, "is_superuser": false, "username": "igor65", "first_name": "igor6", "last_name": "", "email": "igorkuz18@yandex.ru", "is_staff": false, "is_active": false, "date_joined": "2020-10-21T13:20:15.400Z", "avatar": "", "age": 56, "activation_key": "<built-in method hexdigest of _hashlib.HASH object at 0x045D9B60>", "activation_key_expires": "2020-10-23T13:19:44.973Z", "groups": [], "user_permissions": []}}, {"model": "authapp.shopuser", "pk": 8, "fields": {"password": "pbkdf2_sha256$216000$Q8BhNgNBQv3z$rPTftqW5WTLc8hw4KMYSV7oWDUHu8g2gaROugVmoX0Q=", "last_login": null, "is_superuser": false, "username": "igor8", "first_name": "8", "last_name": "", "email": "igorkuz8@yandex.ru", "is_staff": false, "is_active": false, "date_joined": "2020-10-21T13:29:16.439Z", "avatar": "", "age": 67, "activation_key": "<built-in method hexdigest of _hashlib.HASH object at 0x051DDF80>", "activation_key_expires": "2020-10-23T13:28:22.845Z", "groups": [], "user_permissions": []}}, {"model": "authapp.shopuser", "pk": 9, "fields": {"password": "pbkdf2_sha256$216000$7KevUPOelMj6$WSqBa2QWvQFer+KTRNPw/XT+JJlHiWh9ZwK2YyGfA+M=", "last_login": null, "is_superuser": false, "username": "igor98", "first_name": "igor9", "last_name": "", "email": "igorkuz78798@yandex.ru", "is_staff": false, "is_active": false, "date_joined": "2020-10-21T13:32:11.680Z", "avatar": "", "age": 44, "activation_key": "<built-in method hexdigest of _hashlib.HASH object at 0x05B44FD0>", "activation_key_expires": "2020-10-23T13:28:22.845Z", "groups": [], "user_permissions": []}}, {"model": "authapp.shopuser", "pk": 10, "fields": {"password": "pbkdf2_sha256$216000$3a9Bd6JKhsCr$qp2EoF8NsEaoo+2a0EdJz2k2/lfgj7b2wSKk8TxoyR8=", "last_login": null, "is_superuser": false, "username": "igor90", "first_name": "igor", "last_name": "", "email": "igorkuz123@rambler.ru", "is_staff": false, "is_active": false, "date_joined": "2020-10-21T13:36:03.304Z", "avatar": "", "age": 45, "activation_key": "<built-in method hexdigest of _hashlib.HASH object at 0x042E47E0>", "activation_key_expires": "2020-10-23T13:28:22.844Z", "groups": [], "user_permissions": []}}, {"model": "authapp.shopuser", "pk": 11, "fields": {"password": "pbkdf2_sha256$216000$HBDMbSrc1jtq$64RCaFCEXKkdMWP/t+FWNi9bDyZSpXLPQDFMwnJEgJI=", "last_login": null, "is_superuser": false, "username": "igor800", "first_name": "igor900", "last_name": "", "email": "igorkuz2018@yandex.ru", "is_staff": false, "is_active": false, "date_joined": "2020-10-21T13:37:12.477Z", "avatar": "", "age": 56, "activation_key": "<built-in method hexdigest of _hashlib.HASH object at 0x00BEA6A0>", "activation_key_expires": "2020-10-23T13:28:22.844Z", "groups": [], "user_permissions": []}}, {"model": "authapp.shopuser", "pk": 12, "fields": {"password": "pbkdf2_sha256$216000$jxJ5rmT6StZZ$2LjdmD20QOC0dGUF/Z3fCEAd7xpzMqky3SiPEeAJmvM=", "last_login": null, "is_superuser": false, "username": "ivan", "first_name": "ivan", "last_name": "", "email": "iii@uu.ru", "is_staff": false, "is_active": false, "date_joined": "2020-10-21T13:41:35.641Z", "avatar": "", "age": 44, "activation_key": "<built-in method hexdigest of _hashlib.HASH object at 0x00B582A0>", "activation_key_expires": "2020-10-23T13:28:22.844Z", "groups": [], "user_permissions": []}}, {"model": "authapp.shopuser", "pk": 13, "fields": {"password": "pbkdf2_sha256$216000$VLXNSqLiIjOD$+2AfbqAXbmxGr4vp+gvwTvWl+qKIz8xejqhh7y/3/bs=", "last_login": null, "is_superuser": false, "username": "slava", "first_name": "slava", "last_name": "", "email": "sla@e.ru", "is_staff": false, "is_active": false, "date_joined": "2020-10-21T14:00:20.723Z", "avatar": "", "age": 45, "activation_key": "<built-in method hexdigest of _hashlib.HASH object at 0x04A75D40>", "activation_key_expires": "2020-10-23T13:59:54.864Z", "groups": [], "user_permissions": []}}, {"model": "authapp.shopuser", "pk": 14, "fields": {"password": "pbkdf2_sha256$216000$YnQ6PZ3UlIzY$w/qUcWIzLMitFZOVN/0xUnzzJQY0hP/w9EH3cTvWJ1M=", "last_login": null, "is_superuser": false, "username": "danay", "first_name": "qq", "last_name": "", "email": "11@11.ru", "is_staff": false, "is_active": false, "date_joined": "2020-10-21T14:04:42.424Z", "avatar": "", "age": 56, "activation_key": "<built-in method hexdigest of _hashlib.HASH object at 0x04BC1DD0>", "activation_key_expires": "2020-10-23T14:04:10.624Z", "groups": [], "user_permissions": []}}, {"model": "authapp.shopuser", "pk": 15, "fields": {"password": "pbkdf2_sha256$216000$jOF8SXSt2Og1$Rn70cGkMTtYuYSlrP4YAkerYkBzPsWW81KVRBM4MAT0=", "last_login": "2020-10-21T14:18:10.225Z", "is_superuser": false, "username": "igor999", "first_name": "igor99", "last_name": "", "email": "22@22.ru", "is_staff": false, "is_active": true, "date_joined": "2020-10-21T14:17:50.603Z", "avatar": "", "age": 34, "activation_key": "e54d29003172d12ecd548b6e0756138ae069d532", "activation_key_expires": "2020-10-23T14:17:16.922Z", "groups": [], "user_permissions": []}}, {"model": "authapp.shopuser", "pk": 16, "fields": {"password": "pbkdf2_sha256$216000$GfDEUzCxutUg$3rUkSdOBNou8spd20U3NITCMDkrsi2KKK3adXAt7pqE=", "last_login": null, "is_superuser": false, "username": "melyxi", "first_name": "igor", "last_name": "", "email": "igorkuz8@yandex.ru", "is_staff": false, "is_active": false, "date_joined": "2020-10-22T13:22:00.494Z", "avatar": "", "age": 33, "activation_key": "0fd257367aaca473dc7e17287d1a6c24a08159b7", "activation_key_expires": "2020-10-24T13:14:31.154Z", "groups": [], "user_permissions": []}}, {"model": "authapp.shopuser", "pk": 17, "fields": {"password": "pbkdf2_sha256$216000$JDk2H5SfVCrE$xYpz++ax4P3kguzejWaVyMQM7bnWc2dDZylG7hgn1Js=", "last_login": "2020-10-22T13:25:26.588Z", "is_superuser": false, "username": "melyxi123", "first_name": "»горь", "last_name": "", "email": "rr@rr.ru", "is_staff": false, "is_active": true, "date_joined": "2020-10-22T13:25:09.297Z", "avatar": "", "age": 33, "activation_key": "4664927159e6cbc65b27fed9113b7fc00d5e0ed0", "activation_key_expires": "2020-10-24T13:14:31.154Z", "groups": [], "user_permissions": []}}, {"model": "authapp.shopuser", "pk": 18, "fields": {"password": "pbkdf2_sha256$216000$nsQKZoWcXQzT$z5K9k5npG2WGdCcm+m2lM4r08wpzFoOPQVNb39lpcto=", "last_login": null, "is_superuser": false, "username": "melyxi55", "first_name": "igor8", "last_name": "", "email": "22@22.ru", "is_staff": false, "is_active": false, "date_joined": "2020-10-22T13:40:26.468Z", "avatar": "", "age": 45, "activation_key": "44fc34a42ba77b04eb675ed7b5c9d0d8e9601d84", "activation_key_expires": "2020-10-24T13:14:31.154Z", "groups": [], "user_permissions": []}}, {"model": "authapp.shopuser", "pk": 19, "fields": {"password": "pbkdf2_sha256$216000$Y9uMQwIJvZXo$+IbnIWcYg72yfAtOlupJ9x5dYGsh9QTh0n8+zDCOadw=", "last_login": "2020-10-22T13:42:06.371Z", "is_superuser": false, "username": "melyxi1111", "first_name": "igor1", "last_name": "", "email": "123123@1313.ru", "is_staff": false, "is_active": true, "date_joined": "2020-10-22T13:41:47.669Z", "avatar": "", "age": 19, "activation_key": "e00d7e16285a07d6f83fbf96f56d4ed7ad5f8f37", "activation_key_expires": "2020-10-24T13:14:31.154Z", "groups": [], "user_permissions": []}}, {"model": "authapp.shopuser", "pk": 20, "fields": {"password": "pbkdf2_sha256$216000$uejBwkiKTndi$FaxoGkr5l5jZT4Diu55cZsfIttefqD+XryJijTkq7fw=", "last_login": "2020-10-22T14:12:42.502Z", "is_superuser": false, "username": "new", "first_name": "igor", "last_name": "", "email": "45664@4354.ru", "is_staff": false, "is_active": true, "date_joined": "2020-10-22T14:11:56.437Z", "avatar": "", "age": 65, "activation_key": "057367b441f28410cc50519eeaaefea44c0ba194", "activation_key_expires": "2020-10-24T14:11:18.032Z", "groups": [], "user_permissions": []}}, {"model": "authapp.shopuser", "pk": 21, "fields": {"password": "pbkdf2_sha256$216000$QceB0nJtbwmV$A5kA1/zFwD5bNXsE/cS2S2EuiG9VhrbA39YVEZG6NDA=", "last_login": null, "is_superuser": false, "username": "new1", "first_name": "igor111", "last_name": "", "email": "667@44.com", "is_staff": false, "is_active": false, "date_joined": "2020-10-22T14:13:32.906Z", "avatar": "", "age": 78, "activation_key": "554c97875e4c07eede7a5ede0f3f72f11d5624b9", "activation_key_expires": "2020-10-24T14:11:18.032Z", "groups": [], "user_permissions": []}}, {"model": "authapp.shopuser", "pk": 25, "fields": {"password": "!NPd87oCe9isXZSuD27PwYlptY23RqX4kQqSLxvQ5", "last_login": "2020-11-01T15:03:30.805Z", "is_superuser": false, "username": "id45077", "first_name": "»горь", "last_name": "Kuzmin", "email": "igorkuz2018@yandex.ru", "is_staff": false, "is_active": true, "date_joined": "2020-10-23T17:39:16.622Z", "avatar": "users_avatars/camera_200_ZVpH3NG.png", "age": 18, "activation_key": "", "activation_key_expires": "2020-10-25T17:37:55.405Z", "groups": [], "user_permissions": []}}, {"model": "authapp.shopuser", "pk": 26, "fields": {"password": "", "last_login": null, "is_superuser": false, "username": "", "first_name": "", "last_name": "", "email": "", "is_staff": false, "is_active": true, "date_joined": "2020-10-23T18:00:25.751Z", "avatar": "users_avatars/camera_200.png", "age": 18, "activation_key": "", "activation_key_expires": "2020-10-25T17:57:50.715Z", "groups": [], "user_permissions": []}}, {"model": "authapp.shopuser", "pk": 27, "fields": {"password": "pbkdf2_sha256$216000$Vri8KzEA4701$XJcnUpjTs1EUhFBaB719V8NVUCFjgqbiGpPWtkuMkog=", "last_login": "2020-10-28T22:10:56.530Z", "is_superuser": false, "username": "igor123", "first_name": "igor", "last_name": "", "email": "9999@tt.com", "is_staff": false, "is_active": true, "date_joined": "2020-10-28T21:56:06.802Z", "avatar": "", "age": 18, "activation_key": "dc98511220a08aaca63d3ed446229c847fdbd8af", "activation_key_expires": "2020-10-30T21:41:05.423Z", "groups": [], "user_permissions": []}}, {"model": "authapp.shopuserprofile", "pk": 1, "fields": {"user": 2, "tagline": "", "aboutMe": "", "gender": "", "vk_link": ""}}, {"model": "authapp.shopuserprofile", "pk": 2, "fields": {"user": 3, "tagline": "", "aboutMe": "", "gender": "", "vk_link": ""}}, {"model": "authapp.shopuserprofile", "pk": 3, "fields": {"user": 4, "tagline": "", "aboutMe": "", "gender": "", "vk_link": ""}}, {"model": "authapp.shopuserprofile", "pk": 4, "fields": {"user": 5, "tagline": "", "aboutMe": "", "gender": "", "vk_link": ""}}, {"model": "authapp.shopuserprofile", "pk": 5, "fields": {"user": 6, "tagline": "", "aboutMe": "", "gender": "", "vk_link": ""}}, {"model": "authapp.shopuserprofile", "pk": 6, "fields": {"user": 7, "tagline": "", "aboutMe": "", "gender": "", "vk_link": ""}}, {"model": "authapp.shopuserprofile", "pk": 7, "fields": {"user": 8, "tagline": "", "aboutMe": "", "gender": "", "vk_link": ""}}, {"model": "authapp.shopuserprofile", "pk": 8, "fields": {"user": 9, "tagline": "", "aboutMe": "", "gender": "", "vk_link": ""}}, {"model": "authapp.shopuserprofile", "pk": 9, "fields": {"user": 10, "tagline": "", "aboutMe": "", "gender": "", "vk_link": ""}}, {"model": "authapp.shopuserprofile", "pk": 10, "fields": {"user": 11, "tagline": "", "aboutMe": "", "gender": "", "vk_link": ""}}, {"model": "authapp.shopuserprofile", "pk": 11, "fields": {"user": 12, "tagline": "", "aboutMe": "", "gender": "", "vk_link": ""}}, {"model": "authapp.shopuserprofile", "pk": 12, "fields": {"user": 13, "tagline": "", "aboutMe": "", "gender": "", "vk_link": ""}}, {"model": "authapp.shopuserprofile", "pk": 13, "fields": {"user": 14, "tagline": "", "aboutMe": "", "gender": "", "vk_link": ""}}, {"model": "authapp.shopuserprofile", "pk": 14, "fields": {"user": 15, "tagline": "", "aboutMe": "", "gender": "", "vk_link": ""}}, {"model": "authapp.shopuserprofile", "pk": 15, "fields": {"user": 16, "tagline": "", "aboutMe": "", "gender": "", "vk_link": ""}}, {"model": "authapp.shopuserprofile", "pk": 16, "fields": {"user": 17, "tagline": "", "aboutMe": "", "gender": "", "vk_link": ""}}, {"model": "authapp.shopuserprofile", "pk": 17, "fields": {"user": 18, "tagline": "", "aboutMe": "", "gender": "", "vk_link": ""}}, {"model": "authapp.shopuserprofile", "pk": 18, "fields": {"user": 19, "tagline": "", "aboutMe": "", "gender": "", "vk_link": ""}}, {"model": "authapp.shopuserprofile", "pk": 19, "fields": {"user": 20, "tagline": "", "aboutMe": "", "gender": "", "vk_link": ""}}, {"model": "authapp.shopuserprofile", "pk": 20, "fields": {"user": 21, "tagline": "", "aboutMe": "", "gender": "", "vk_link": ""}}, {"model": "authapp.shopuserprofile", "pk": 24, "fields": {"user": 25, "tagline": "", "aboutMe": "", "gender": "M", "vk_link": "https://vk.com/id45077230"}}, {"model": "authapp.shopuserprofile", "pk": 25, "fields": {"user": 26, "tagline": "", "aboutMe": "", "gender": "", "vk_link": ""}}, {"model": "authapp.shopuserprofile", "pk": 26, "fields": {"user": 27, "tagline": "", "aboutMe": "", "gender": "", "vk_link": ""}}, {"model": "basketapp.basket", "pk": 5, "fields": {"user": 4, "product": 3, "quantity": 7, "add_datetime": "2020-10-08T19:06:25.407Z"}}, {"model": "basketapp.basket", "pk": 6, "fields": {"user": 4, "product": 4, "quantity": 22, "add_datetime": "2020-10-08T19:06:26.986Z"}}, {"model": "basketapp.basket", "pk": 7, "fields": {"user": 4, "product": 2, "quantity": 2, "add_datetime": "2020-10-08T19:24:56.428Z"}}, {"model": "basketapp.basket", "pk": 8, "fields": {"user": 4, "product": 1, "quantity": 1, "add_datetime": "2020-10-08T19:35:24.859Z"}}, {"model": "basketapp.basket", "pk": 19, "fields": {"user": 15, "product": 3, "quantity": 1, "add_datetime": "2020-10-21T14:18:24.142Z"}}, {"model": "basketapp.basket", "pk": 20, "fields": {"user": 15, "product": 4, "quantity": 1, "add_datetime": "2020-10-21T14:18:25.389Z"}}, {"model": "basketapp.basket", "pk": 21, "fields": {"user": 19, "product": 3, "quantity": 1, "add_datetime": "2020-10-22T13:46:23.063Z"}}, {"model": "social_django.usersocialauth", "pk": 4, "fields": {"user": 25, "provider": "vk-oauth2", "uid": "45077230", "extra_data": "{\"auth_time\": 1604243010, \"id\": 45077230, \"expires\": 86400, \"access_token\": \"c88261784b101406d0beb797de07f686a5ad1216d1689885478a06e9ec33abc1752e5876ec147a4152590\", \"token_type\": null}", "created": "2020-10-23T17:39:17.056Z", "modified": "2020-11-01T15:03:30.539Z"}}, {"model": "ordersapp.order", "pk": 1, "fields": {"user": 25, "created": "2020-10-28T14:08:03.994Z", "updated": "2020-11-01T10:41:43.196Z", "status": "PD", "is_active": true}}, {"model": "ordersapp.order", "pk": 2, "fields": {"user": 25, "created": "2020-10-28T14:12:54.945Z", "updated": "2020-11-01T10:41:45.070Z", "status": "PD", "is_active": true}}, {"model": "ordersapp.order", "pk": 3, "fields": {"user": 25, "created": "2020-10-28T14:13:58.151Z", "updated": "2020-11-01T10:41:45.962Z", "status": "RDY", "is_active": true}}, {"model": "ordersapp.order", "pk": 4, "fields": {"user": 25, "created": "2020-10-28T14:15:34.856Z", "updated": "2020-11-01T10:41:47.219Z", "status": "PD", "is_active": true}}, {"model": "ordersapp.order", "pk": 5, "fields": {"user": 25, "created": "2020-10-28T14:30:46.456Z", "updated": "2020-11-02T18:53:57.450Z", "status": "PRD", "is_active": true}}, {"model": "ordersapp.order", "pk": 6, "fields": {"user": 25, "created": "2020-10-28T14:31:13.439Z", "updated": "2020-10-28T21:39:53.621Z", "status": "STP", "is_active": true}}, {"model": "ordersapp.order", "pk": 7, "fields": {"user": 25, "created": "2020-10-28T14:31:31.430Z", "updated": "2020-11-01T17:26:02.254Z", "status": "FM", "is_active": true}}, {"model": "ordersapp.order", "pk": 8, "fields": {"user": 25, "created": "2020-10-28T14:31:53.982Z", "updated": "2020-10-29T13:21:19.497Z", "status": "FM", "is_active": true}}, {"model": "ordersapp.order", "pk": 9, "fields": {"user": 25, "created": "2020-10-28T14:32:04.562Z", "updated": "2020-10-29T13:21:21.556Z", "status": "FM", "is_active": true}}, {"model": "ordersapp.order", "pk": 10, "fields": {"user": 25, "created": "2020-10-28T14:32:20.873Z", "updated": "2020-11-01T17:33:54.167Z", "status": "FM", "is_active": true}}, {"model": "ordersapp.order", "pk": 11, "fields": {"user": 25, "created": "2020-10-28T14:43:00.253Z", "updated": "2020-10-29T13:21:24.584Z", "status": "FM", "is_active": true}}, {"model": "ordersapp.order", "pk": 12, "fields": {"user": 25, "created": "2020-10-28T14:43:22.847Z", "updated": "2020-11-02T18:59:37.301Z", "status": "FM", "is_active": true}}, {"model": "ordersapp.order", "pk": 13, "fields": {"user": 25, "created": "2020-10-28T14:43:47.387Z", "updated": "2020-11-02T18:59:45.680Z", "status": "FM", "is_active": true}}, {"model": "ordersapp.order", "pk": 14, "fields": {"user": 25, "created": "2020-10-28T14:45:04.999Z", "updated": "2020-10-28T14:54:46.967Z", "status": "FM", "is_active": false}}, {"model": "ordersapp.order", "pk": 15, "fields": {"user": 25, "created": "2020-10-28T15:04:52.006Z", "updated": "2020-10-28T15:08:21.041Z", "status": "FM", "is_active": false}}, {"model": "ordersapp.order", "pk": 16, "fields": {"user": 27, "created": "2020-10-28T21:58:44.247Z", "updated": "2020-10-28T22:19:43.961Z", "status": "PD", "is_active": true}}, {"model": "ordersapp.order", "pk": 17, "fields": {"user": 27, "created": "2020-10-28T22:10:24.527Z", "updated": "2020-10-28T22:20:53.445Z", "status": "CNC", "is_active": true}}, {"model": "ordersapp.order", "pk": 18, "fields": {"user": 3, "created": "2020-11-01T13:58:57.084Z", "updated": "2020-11-01T13:59:16.410Z", "status": "FM", "is_active": true}}, {"model": "ordersapp.order", "pk": 19, "fields": {"user": 25, "created": "2020-11-01T17:29:53.547Z", "updated": "2020-11-02T18:59:50.967Z", "status": "FM", "is_active": false}}, {"model": "ordersapp.order", "pk": 20, "fields": {"user": 3, "created": "2020-11-05T12:26:08.262Z", "updated": "2020-11-05T12:26:08.453Z", "status": "FM", "is_active": false}}, {"model": "ordersapp.order", "pk": 21, "fields": {"user": 3, "created": "2020-11-05T12:26:16.336Z", "updated": "2020-11-05T12:26:16.413Z", "status": "FM", "is_active": true}}, {"model": "ordersapp.order", "pk": 22, "fields": {"user": 3, "created": "2020-11-05T12:26:47.361Z", "updated": "2020-11-05T12:26:47.478Z", "status": "FM", "is_active": true}}, {"model": "ordersapp.orderitem", "pk": 1, "fields": {"order": 1, "product": 3, "quantity": 1}}, {"model": "ordersapp.orderitem", "pk": 2, "fields": {"order": 1, "product": 4, "quantity": 1}}, {"model": "ordersapp.orderitem", "pk": 3, "fields": {"order": 2, "product": 1, "quantity": 1}}, {"model": "ordersapp.orderitem", "pk": 4, "fields": {"order": 3, "product": 3, "quantity": 1}}, {"model": "ordersapp.orderitem", "pk": 5, "fields": {"order": 3, "product": 4, "quantity": 1}}, {"model": "ordersapp.orderitem", "pk": 6, "fields": {"order": 3, "product": 71, "quantity": 1}}, {"model": "ordersapp.orderitem", "pk": 7, "fields": {"order": 3, "product": 8, "quantity": 1}}, {"model": "ordersapp.orderitem", "pk": 8, "fields": {"order": 4, "product": 57, "quantity": 2}}, {"model": "ordersapp.orderitem", "pk": 9, "fields": {"order": 4, "product": 11, "quantity": 1}}, {"model": "ordersapp.orderitem", "pk": 11, "fields": {"order": 5, "product": 4, "quantity": 1}}, {"model": "ordersapp.orderitem", "pk": 12, "fields": {"order": 6, "product": 8, "quantity": 2}}, {"model": "ordersapp.orderitem", "pk": 13, "fields": {"order": 7, "product": 8, "quantity": 6}}, {"model": "ordersapp.orderitem", "pk": 14, "fields": {"order": 8, "product": 15, "quantity": 2}}, {"model": "ordersapp.orderitem", "pk": 15, "fields": {"order": 9, "product": 1, "quantity": 1}}, {"model": "ordersapp.orderitem", "pk": 16, "fields": {"order": 10, "product": 1, "quantity": 1}}, {"model": "ordersapp.orderitem", "pk": 17, "fields": {"order": 11, "product": 4, "quantity": 2}}, {"model": "ordersapp.orderitem", "pk": 18, "fields": {"order": 11, "product": 4, "quantity": 1}}, {"model": "ordersapp.orderitem", "pk": 19, "fields": {"order": 12, "product": 10, "quantity": 1}}, {"model": "ordersapp.orderitem", "pk": 20, "fields": {"order": 13, "product": 3, "quantity": 1}}, {"model": "ordersapp.orderitem", "pk": 21, "fields": {"order": 14, "product": 8, "quantity": 1}}, {"model": "ordersapp.orderitem", "pk": 22, "fields": {"order": 15, "product": 2, "quantity": 1}}, {"model": "ordersapp.orderitem", "pk": 23, "fields": {"order": 15, "product": 12, "quantity": 1}}, {"model": "ordersapp.orderitem", "pk": 24, "fields": {"order": 15, "product": 12, "quantity": 1}}, {"model": "ordersapp.orderitem", "pk": 25, "fields": {"order": 15, "product": 12, "quantity": 1}}, {"model": "ordersapp.orderitem", "pk": 26, "fields": {"order": 15, "product": 12, "quantity": 1}}, {"model": "ordersapp.orderitem", "pk": 27, "fields": {"order": 15, "product": 12, "quantity": 1}}, {"model": "ordersapp.orderitem", "pk": 28, "fields": {"order": 15, "product": 12, "quantity": 1}}, {"model": "ordersapp.orderitem", "pk": 29, "fields": {"order": 6, "product": 3, "quantity": 2}}, {"model": "ordersapp.orderitem", "pk": 30, "fields": {"order": 16, "product": 4, "quantity": 1}}, {"model": "ordersapp.orderitem", "pk": 31, "fields": {"order": 16, "product": 14, "quantity": 1}}, {"model": "ordersapp.orderitem", "pk": 32, "fields": {"order": 16, "product": 67, "quantity": 1}}, {"model": "ordersapp.orderitem", "pk": 33, "fields": {"order": 17, "product": 3, "quantity": 1}}, {"model": "ordersapp.orderitem", "pk": 34, "fields": {"order": 17, "product": 4, "quantity": 2}}, {"model": "ordersapp.orderitem", "pk": 35, "fields": {"order": 7, "product": 1, "quantity": 4}}, {"model": "ordersapp.orderitem", "pk": 36, "fields": {"order": 18, "product": 3, "quantity": 7}}, {"model": "ordersapp.orderitem", "pk": 37, "fields": {"order": 18, "product": 61, "quantity": 2}}, {"model": "ordersapp.orderitem", "pk": 38, "fields": {"order": 18, "product": 6, "quantity": 1}}, {"model": "ordersapp.orderitem", "pk": 39, "fields": {"order": 18, "product": 1, "quantity": 2}}, {"model": "ordersapp.orderitem", "pk": 40, "fields": {"order": 7, "product": 5, "quantity": 1}}, {"model": "ordersapp.orderitem", "pk": 41, "fields": {"order": 7, "product": 3, "quantity": 2}}, {"model": "ordersapp.orderitem", "pk": 42, "fields": {"order": 7, "product": 2, "quantity": 5}}, {"model": "ordersapp.orderitem", "pk": 43, "fields": {"order": 7, "product": 18, "quantity": 2}}, {"model": "ordersapp.orderitem", "pk": 44, "fields": {"order": 19, "product": 4, "quantity": 2}}, {"model": "ordersapp.orderitem", "pk": 45, "fields": {"order": 19, "product": 3, "quantity": 3}}, {"model": "ordersapp.orderitem", "pk": 46, "fields": {"order": 19, "product": 5, "quantity": 2}}, {"model": "ordersapp.orderitem", "pk": 47, "fields": {"order": 10, "product": 7, "quantity": 1}}, {"model": "ordersapp.orderitem", "pk": 48, "fields": {"order": 19, "product": 17, "quantity": 1}}, {"model": "ordersapp.orderitem", "pk": 49, "fields": {"order": 19, "product": 1, "quantity": 0}}, {"model": "ordersapp.orderitem", "pk": 50, "fields": {"order": 19, "product": 11, "quantity": 0}}, {"model": "ordersapp.orderitem", "pk": 51, "fields": {"order": 21, "product": 6, "quantity": 3}}, {"model": "ordersapp.orderitem", "pk": 52, "fields": {"order": 22, "product": 4, "quantity": 1}}, {"model": "ordersapp.orderitem", "pk": 53, "fields": {"order": 22, "product": 3, "quantity": 1}}, {"model": "ordersapp.orderitem", "pk": 54, "fields": {"order": 22, "product": 2, "quantity": 1}}, {"model": "ordersapp.orderitem", "pk": 55, "fields": {"order": 22, "product": 38, "quantity": 1}}]